source,pub_date,title,description,link,fetched_at
INTERFAX,"Wed, 27 May 2026 19:23:00 +0300",Курс рубля слегка снизился на завершении подготовки экспортеров к налоговым выплатам,"Китайский юань незначительно укрепился на Московской бирже по итогам торгов в среду, рубль слегка снизился благодаря спросу на рублевую ликвидность при подготовке экспортеров к налоговым выплатам.",https://www.interfax.ru/business/1092226,2026-05-27 17:34:03
INTERFAX,"Wed, 27 May 2026 19:22:00 +0300",Boeing увеличит производство самолетов 737 MAX до 47 единиц в месяц,"Boeing Co. успешно завершила проверку, проведенную Федеральным управлением гражданской авиации США (Federal Aviation Administration, FAA), и планирует увеличить производство самолетов 737 MAX с 42 до 47 единиц в месяц, сообщает Bloomberg.""Мы наращиваем обороты и должны выйти на показатель 47 единиц в ближайшие пару месяцев"", - заявил главный исполнительный директор авиаконцерна Келли Ортберг на конференции Bernstein в среду.",https://www.interfax.ru/business/1092229,2026-05-27 17:34:03
INTERFAX,"Wed, 27 May 2026 19:17:00 +0300",Индекс МосБиржи в среду превысил 2590 пунктов в рамках коррекции,Российский рынок акций в среду после локальной консолидации смог подрасти за счет закрытия части коротких позиций игроками в условиях улучшения внешней фондовой конъюнктуры и просевшей нефти (фьючерс на Brent опустился ниже $96 за баррель) на надеждах на мирное соглашение США и Ирана.,https://www.interfax.ru/business/1092225,2026-05-27 17:34:03
INTERFAX,"Wed, 27 May 2026 19:16:00 +0300","Трамп заявил, что США не намерены смягчать санкции против Ирана в обмен на обогащенный уран","Президент США Дональд Трамп заявил, что его не устраивает вариант, при котором Иран получил бы ослабление американских санкций в обмен на передачу запасов иранского высокообогащенного урана.""Нет, никакого ослабления санкций"", - сказал он в интервью телеканалу PBS, отвечая на вопрос, устраивает ли его вариант с передачей урана в обмен на ослабление санкционного давления на Тегеран.",https://www.interfax.ru/world/1092221,2026-05-27 17:34:03
INTERFAX,"Wed, 27 May 2026 19:03:00 +0300","Инфляция в РФ с 19 по 25 мая составила 0,07%, годовая снизилась до 5,33%","Инфляция в РФ с 19 по 25 мая составила 0,07% после снижения цен на 0,02% с 13 по 18 мая (за шесть дней из-за праздника), роста цен также на 0,07% с 5 по 12 мая (за 8 дней), снижения цен на 0,02% с 28 апреля по 4 мая, сообщил в среду Росстат.",https://www.interfax.ru/business/1092219,2026-05-27 17:34:03
VEDOMOSTI,"Wed, 27 May 2026 20:16:46 +0300",Рубио заявил о поставке более 10 млн баррелей нефти из Венесуэлы в США,,https://www.vedomosti.ru/politics/news/2026/05/27/1200697-rubio-o-postavke-nefti,2026-05-27 17:34:03
VEDOMOSTI,"Wed, 27 May 2026 19:50:55 +0300","Недельная инфляция в России ускорилась до 0,07%",,https://www.vedomosti.ru/economics/news/2026/05/27/1200693-inflyatsiya-uskorilas,2026-05-27 17:34:03
VEDOMOSTI,"Wed, 27 May 2026 19:02:15 +0300",Трамп: США не намерены смягчать санкции против Ирана в обмен на передачу урана,,https://www.vedomosti.ru/politics/news/2026/05/27/1200686-tramp-ssha-sanktsii-protiv-irana,2026-05-27 17:34:03
VEDOMOSTI,"Wed, 27 May 2026 18:55:54 +0300",СД ЛСР рекомендовал выплатить дивиденды в 78 рублей на обыкновенную акцию,,https://www.vedomosti.ru/investments/news/2026/05/27/1200681-lsr-dividendi,2026-05-27 17:34:03
VEDOMOSTI,"Wed, 27 May 2026 18:37:23 +0300",ЦБ: прибыль банков в апреле снизилась на 22%,,https://www.vedomosti.ru/finance/news/2026/05/27/1200674-pribil-bankov,2026-05-27 17:34:03
VEDOMOSTI,"Wed, 27 May 2026 18:08:47 +0300","Т-Банк в январе-апреле увеличил чистую прибыль по РСБУ до 57,7 млрд рублей",,https://www.vedomosti.ru/investments/news/2026/05/27/1200664-t-bank-chistuyu-pribil,2026-05-27 17:34:03
VEDOMOSTI,"Wed, 27 May 2026 18:07:35 +0300",Стоимость золота упала на фоне новостей о возможном соглашении США и Ирана,,https://www.vedomosti.ru/investments/news/2026/05/27/1200659-stoimost-zolota-upala,2026-05-27 17:34:03
VEDOMOSTI,"Wed, 27 May 2026 17:58:17 +0300",ЦБ: в 2025 году ломбарды выдали россиянам займы на 412 млрд рублей,,https://www.vedomosti.ru/finance/news/2026/05/27/1200660-lombardi-vidali-412-mlrd,2026-05-27 17:34:03
VEDOMOSTI,"Wed, 27 May 2026 17:41:11 +0300",ЦБ опустил официальный курс доллара ниже 71 рубля,,https://www.vedomosti.ru/finance/news/2026/05/27/1200655-tsb-opustil-kurs,2026-05-27 17:34:03
VEDOMOSTI,"Wed, 27 May 2026 16:50:31 +0300",Осужденной криптоблогеру Битмаме вменили незаконный оборот на 4 млрд рублей,,https://www.vedomosti.ru/society/news/2026/05/27/1200636-bitmame-vmenili,2026-05-27 17:34:03
VEDOMOSTI,"Wed, 27 May 2026 14:28:32 +0300",Минфин разместил ОФЗ на 70 млрд рублей с погашением в 2030 году,,https://www.vedomosti.ru/investments/news/2026/05/27/1200580-minfin-razmestil,2026-05-27 17:34:03
VEDOMOSTI,"Wed, 27 May 2026 13:20:26 +0300",Telegram оштрафовали на 7 млн рублей за неудаление экстремистского контента,,https://www.vedomosti.ru/society/news/2026/05/27/1200546-telegram-neudalenie-ekstremistskogo-kontenta,2026-05-27 17:34:03
VEDOMOSTI,"Wed, 27 May 2026 12:11:15 +0300",Wildberries & Russ разместит ЦФА на 2 млрд рублей,,https://www.vedomosti.ru/investments/news/2026/05/27/1200518-wildberries-razmestit-tsfa,2026-05-27 17:34:03
VEDOMOSTI,"Wed, 27 May 2026 10:13:30 +0300",FT: «Совет мира» Трампа не получил от доноров ни одного доллара,,https://www.vedomosti.ru/politics/news/2026/05/27/1200455-ni-odnogo-dollara,2026-05-27 17:34:03
VEDOMOSTI,"Wed, 27 May 2026 00:01:31 +0300",Счетная палата выявила неэффективное планирование расходов Минкультуры,"Средства в размере 2,9 млрд рублей оказались не востребованы",https://www.vedomosti.ru/society/news/2026/05/26/1200184-planirovanie-rashodov-minkulturi,2026-05-27 17:34:03
VEDOMOSTI,"Tue, 26 May 2026 19:57:45 +0300","СД «Светофора» рекомендовал выплатить дивиденды в 0,0448 рубля на обычную акцию",,https://www.vedomosti.ru/investments/news/2026/05/26/1200195-sd-svetofora,2026-05-27 17:34:03
VEDOMOSTI,"Tue, 26 May 2026 19:25:05 +0300",Суд разрешил немедленное исполнение решения по иску ЦБ к Euroclear,,https://www.vedomosti.ru/finance/news/2026/05/26/1200189-sud-razreshil-nemedlennoe,2026-05-27 17:34:03
VEDOMOSTI,"Tue, 26 May 2026 19:00:53 +0300",Фон дер Ляйен: ЕС продолжает подготовку новых санкций против России,,https://www.vedomosti.ru/politics/news/2026/05/26/1200182-fon-der-lyaien,2026-05-27 17:34:03
VEDOMOSTI,"Tue, 26 May 2026 18:08:57 +0300",ЦБ снизил официальный курс евро сразу на 2 рубля,,https://www.vedomosti.ru/finance/news/2026/05/26/1200164-tsb-kurs-evro,2026-05-27 17:34:03
VEDOMOSTI,"Tue, 26 May 2026 16:57:58 +0300",Великобритания расширила антироссийские санкции,,https://www.vedomosti.ru/politics/news/2026/05/26/1200123-velikobritaniya-vvela-sanktsii,2026-05-27 17:34:03
VEDOMOSTI,"Tue, 26 May 2026 16:08:48 +0300",СД «Русснефти» рекомендовал не выплачивать дивиденды по обыкновенным акциям,,https://www.vedomosti.ru/investments/news/2026/05/26/1200124-russnefti-rekomendoval,2026-05-27 17:34:03
VEDOMOSTI,"Tue, 26 May 2026 15:34:58 +0300","Суд оштрафовал DeviantArt Inc. на 3,5 млн рублей",,https://www.vedomosti.ru/society/news/2026/05/26/1200111-oshtrafoval-deviantart,2026-05-27 17:34:03
KOMMERSANT,"Wed, 27 May 2026 19:58:16 +0300","Помидоры подешевели в России на 3,6% за неделю","Инфляция в России с 19 по 25 мая составила 0,07% после дефляции в 0,02% неделей ранее. С начала года цены выросли на 3,22%.",https://www.kommersant.ru/doc/8691636,2026-05-27 17:34:04
KOMMERSANT,"Wed, 27 May 2026 19:31:43 +0300",ЕРАИ ожидает роста целевых отчислений на спорт до 40 млрд рублей,ППК «Единый регулятор азартных игр» (ЕРАИ) рассчитывает по итогам 2026 года удержать и распределить около 40 млрд руб. целевых отчислений на спорт. Об этом в интервью «Ъ» сообщил гендиректор организации Алексей Грачев.,https://www.kommersant.ru/doc/8691590,2026-05-27 17:34:04
KOMMERSANT,"Wed, 27 May 2026 19:16:31 +0300",Армения получила письмо России о возможном прекращении соглашения о газе,"Армения получила от властей России письмо с предупреждением о возможной денонсации соглашения о поставках природного газа, нефтепродуктов и необработанных природных алмазов. Армянская сторона изучит его и ответит «по мере необходимости», сообщили «Интерфаксу» в МИД Армении.",https://www.kommersant.ru/doc/8691624,2026-05-27 17:34:04
KOMMERSANT,"Wed, 27 May 2026 18:47:21 +0300",Зеленский обратился к Трампу из-за нехватки средств ПВО,Президент Украины Владимир Зеленский сообщил американскому коллеге Дональду Трампу об «усугубляющейся нехватке» средств противовоздушной обороны ВСУ. Украинский президент запросил у США дополнительные поставки ракет Patriot PAC-3 и других вооружений.,https://www.kommersant.ru/doc/8691597,2026-05-27 17:34:04
KOMMERSANT,"Wed, 27 May 2026 18:06:52 +0300","Прибыль банковского бизнеса «Т-Технологий» по РСБУ составила 57,7 млрд рублей","Прибыль банковского бизнеса «Т-Технологий» (материнская компания Т-Банка) по РСБУ в январе-апреле составила 57,7 млрд руб., сообщила компания. Кредитный портфель вырос на 24% год к году, до более 3,3 трлн руб.",https://www.kommersant.ru/doc/8691569,2026-05-27 17:34:04
KOMMERSANT,"Wed, 27 May 2026 17:23:17 +0300",Андрей Рублев пробился в третий круг Roland Garros,Россиянин Андрей Рублев вышел в третий раунд Открытого чемпионата Франции по теннису (Roland Garros). В матче второго круга он победил аргентинца Камило Уго Карабельи.,https://www.kommersant.ru/doc/8691528,2026-05-27 17:34:04
KOMMERSANT,"Wed, 27 May 2026 17:17:03 +0300",Пашинян ответил на угрозу России прекратить соглашение по газу,"Премьер-министр Армении Никол Пашинян заявил, что его не пугает возможный рост цен в случае решения России прекратить соглашение о поставках газа, топлива и алмазов. Сегодня в МИД России заявили, что российское посольство передало властям Армении письмо министра энергетики Сергея Цивилева о последствиях вступления республики в Евросоюз.",https://www.kommersant.ru/doc/8691516,2026-05-27 17:34:04
KOMMERSANT,"Wed, 27 May 2026 16:01:15 +0300",«Яндекс» запустил доставку совместно роботом и курьером,"«Яндекс» (MOEX: YDEX) объявил о запуске комбинированного формата доставки: робот-доставщик преодолевает основную часть маршрута, а курьер подключается на финальном этапе и доставляет заказ до двери. Новый сервис, как считают в компании, позволит бизнесу сократить расходы на логистику «последней мили» на фоне дефицита курьеров и роста стоимости доставки.",https://www.kommersant.ru/doc/8691440,2026-05-27 17:34:04
KOMMERSANT,"Wed, 27 May 2026 15:45:59 +0300",Совет директоров «Полюса» рекомендовал дивиденды за первый квартал,"Совет директоров золотодобытчика «Полюс» (MOEX: PLZL) рекомендовал выплатить дивиденды за первый квартал 2026 года в размере 29,05 руб. на акцию, указано на сайте раскрытия информации. Всего на эти цели планируется направить около 28 млрд руб., пишет «Интерфакс», то есть 30% от EBITDA за отчетный период.",https://www.kommersant.ru/doc/8691424,2026-05-27 17:34:04
KOMMERSANT,"Wed, 27 May 2026 14:32:49 +0300",СКР оценил в полтриллиона рублей ущерб новым регионам от действий ВСУ,"Причиненный ВСУ ущерб на территории приграничных регионов России превысил 140 млрд руб., заявила официальный представитель СКР Светлана Петренко. По ее словам, суммы подтверждены «экспертным путем» и прикреплены к материалам уголовных дел.",https://www.kommersant.ru/doc/8691338,2026-05-27 17:34:04
KOMMERSANT,"Wed, 27 May 2026 14:29:45 +0300",Суд в Москве оштрафовал Telegram в третий раз за месяц,Таганский районный суд Москвы оштрафовал  Telegram Messenger Inc. на 7 млн рублей за неудаление запрещенного в России контента. Об этом сообщает пресс-служба судов общей юрисдикции.,https://www.kommersant.ru/doc/8691337,2026-05-27 17:34:04
KOMMERSANT,"Wed, 27 May 2026 14:01:18 +0300",Bloomberg: еще два супертанкера с нефтью прошли через Ормузский пролив,"За последние 24 часа судоходство в Ормузском проливе активизировалось, морской коридор смогли пройти два не связанных с Ираном супертанкера с нефтью. Речь идет о судах Eagle Veracruz (связан с Сингапуром) и Nissos Keros (принадлежит Греции), которые покинули Ормузский пролив утром 26 мая.",https://www.kommersant.ru/doc/8691302,2026-05-27 17:34:04
KOMMERSANT,"Wed, 27 May 2026 13:18:35 +0300",Мосгордума досрочно прекратила полномочия московского омбудсмена Потяевой,"Депутаты Мосгордумы поддержали отставку уполномоченного по правам человека в Москве Татьяны Потяевой. Такое решение приняли на заседании столичного парламента путем тайного голосования, передает ТАСС.",https://www.kommersant.ru/doc/8691259,2026-05-27 17:34:04
KOMMERSANT,"Wed, 27 May 2026 12:55:34 +0300",Цена нефти Brent опустилась ниже $93 впервые с 21 апреля,"Августовские фьючерсы на нефть марки Brent впервые с 21 апреля торговались дешевле $93 за баррель. Согласно данным биржи ICE, в 11:52 мск стоимость достигла $92,88 за баррель.",https://www.kommersant.ru/doc/8691200,2026-05-27 17:34:04
KOMMERSANT,"Wed, 27 May 2026 12:44:24 +0300",Песков переадресовал «Газпрому» вопрос о расторжении сделки по газу с Арменией,"Льгота на поставки газа для Армении предоставляется за счет России, заявил пресс-секретарь президента РФ Дмитрий Песков. Он назвал это «вкладом» России «в развитие Армении», которую российские власти считают братской страной.",https://www.kommersant.ru/doc/8691206,2026-05-27 17:34:04
KOMMERSANT,"Wed, 27 May 2026 12:36:34 +0300",Bild: руководство ХДС/ХСС обсуждает отставку Мерца,Руководство правящего блока христианских демократов (ХДС/ХСС) обсуждало возможность отставки канцлера Фридриха Мерца из-за проблем с реформами и исторически низких рейтингов. Об этом сообщает Bild со ссылкой на источники.,https://www.kommersant.ru/doc/8691201,2026-05-27 17:34:04
KOMMERSANT,"Wed, 27 May 2026 12:10:39 +0300",Обладатель «Золотого мяча» Модрич намерен завершить карьеру после ЧМ,Хорватский полузащитник Лука Модрич намерен объявить о завершении карьеры после чемпионата мира 2026 года. Об этом в социальной сети X сообщил журналист Николо Скира.,https://www.kommersant.ru/doc/8691169,2026-05-27 17:34:04
KOMMERSANT,"Wed, 27 May 2026 12:06:26 +0300",«Совкомфлот» получил $94 млн чистой прибыли за I квартал против убытка годом ранее,"Чистая прибыль «Совкомфлота» (MOEX: FLOT) по МСФО составила $94 млн за январь-март 2026 года против убытка в $393 млн годом ранее, следует из отчетности. Выручка компании за первый квартал увеличилась почти на 60% -- до $444 млн.",https://www.kommersant.ru/doc/8691159,2026-05-27 17:34:04
KOMMERSANT,"Wed, 27 May 2026 11:41:26 +0300",FT: «Чешскую инициативу» по поставке Украине снарядов покинула половина стран,"Число стран-участниц «Чешской инициативы» по закупке боеприпасов для Украины сократилось вдвое, сообщила Financial Times президент Чехии Петр Павел. По его словам, еще в 2025 году программу финансировали 18 стран, а в 2026 — только девять.",https://www.kommersant.ru/doc/8691056,2026-05-27 17:34:04
KOMMERSANT,"Wed, 27 May 2026 11:16:30 +0300",Минэнерго поддержало продление моратория на выплату дивидендов «Россетей»,"Минэнерго считает нужным продлить мораторий на выплату дивидендов группой «Россети» (MOEX: FEES) после 2026 года, заявил замминистра Евгений Грабчак. По его словам, вырученные средства лучше вложить в инвестиции.",https://www.kommersant.ru/doc/8691047,2026-05-27 17:34:04
KOMMERSANT,"Wed, 27 May 2026 11:11:37 +0300",В Армении отрицают получение письма из России о расторжении сделки по газу,"Армения не получала от России сообщений с предупреждениями о возможной денонсации соглашения о поставках газа, нефтепродуктов и необработанных алмазов. Об этом заявило министерство территориального управления и инфраструктуры страны, передает «Арменпресс».",https://www.kommersant.ru/doc/8691031,2026-05-27 17:34:04
KOMMERSANT,"Wed, 27 May 2026 11:06:22 +0300",В ВТБ назвали клиентскую базу Wildberries «главным золотом» партнерства с RWB,Основная выгода для ВТБ (MOEX: VTBR) от партнерства с RWB (объединенной компании Wildberries&Russ) заключается в доступе к клиентской базе Wildberries. Об этом заявил первый зампред банка Дмитрий Пьянов в эфире Радио РБК.,https://www.kommersant.ru/doc/8691019,2026-05-27 17:34:04
KOMMERSANT,"Wed, 27 May 2026 10:54:08 +0300",ВТБ проведет допэмиссию ранней осенью,ВТБ (MOEX: VTBR) проведет допэмиссию акций ранней осенью 2026 года. Планами поделился первый зампред банка Дмитрий Пьянов.,https://www.kommersant.ru/doc/8691018,2026-05-27 17:34:04
KOMMERSANT,"Wed, 27 May 2026 10:26:09 +0300",ВТБ постепенно вернется к дивидендам в 50% от прибыли,ВТБ (MOEX: VTBR) планирует постепенно двигаться в сторону 50% от чистой прибыли на дивиденды от нынешних 25%. Об этом сообщил первый зампред банка Дмитрий Пьянов.,https://www.kommersant.ru/doc/8690974,2026-05-27 17:34:04
KOMMERSANT,"Wed, 27 May 2026 10:14:19 +0300",FT: в фонд Совета мира Трампа пока не поступило ни доллара,"Фонд Совета мира, учрежденный по инициативе президента США Дональда Трампа, за четыре месяца не получил ни одного доллара взносов. Об этом сообщает Financial Times со ссылкой на четыре осведомленных источника.",https://www.kommersant.ru/doc/8690972,2026-05-27 17:34:04
KOMMERSANT,"Wed, 27 May 2026 09:17:14 +0300",Шохин рассказал о влиянии укрепления рубля на доходы федбюджета,"Рост курса национальной валюты по отношению к доллару даже на один рубль обходится российскому бюджету в 100 млрд руб. ежемесячно, заявил в интервью «РИА Новости» глава Российского союза промышленников и предпринимателей (РСПП) Александр Шохин. По этой причине необходимо обеспечить предсказуемость курса валют, считает он.",https://www.kommersant.ru/doc/8690915,2026-05-27 17:34:04
KOMMERSANT,"Wed, 27 May 2026 08:50:34 +0300",Индонезия закупит российскую нефть со скидкой,"Индонезия получила возможность закупать российскую нефть со скидкой, заявил член Национального энергетического совета Сатья Видья Юдха. По его словам, получить скидку удалось благодаря дипломатическим усилиям властей и вступлению страны в БРИКС.",https://www.kommersant.ru/doc/8690890,2026-05-27 17:34:04
KOMMERSANT,"Wed, 27 May 2026 08:43:59 +0300",Акции ВТБ упали почти на 6% на утренних торгах после обвала 26 мая,"Акции ВТБ (MOEX: VTBR) продолжили падение после обвала, который произошел вечером 26 мая. На утренних торгах, к 7:24 мск, котировки снизились на 5,91% — до 75,4 руб. за акцию, следует из данных Investing.com.",https://www.kommersant.ru/doc/8690888,2026-05-27 17:34:04
KOMMERSANT,"Wed, 27 May 2026 07:54:38 +0300",В Приангарье по делу о ночных гонках осудили экс-сотрудников ГИБДД,"Ангарский городской суд вынес новый приговор по делу о проведении несанкционированных ночных гонок на участке автодороги «Ангарск-Тальяны», в ходе которых в мае 2025 года погибла несовершеннолетняя зрительница, еще двое человек получили травмы. Подсудимыми стали два экс-инспектора ГИБДД, обвиняемые в халатности, сообщает объединенная пресс-служба судов общей юрисдикции Иркутской области.",https://www.kommersant.ru/doc/8690839,2026-05-27 17:34:04
KOMMERSANT,"Wed, 27 May 2026 07:39:59 +0300",В Севастополе ракета попала в здание Южного управления ЦБ,"Губернатор Севастополя Михаил Развожаев сообщил, что ВСУ ударили по городу беспилотниками и, предварительно, ракетами Storm Shadow. По предварительным данным, никто не пострадал.",https://www.kommersant.ru/doc/8690855,2026-05-27 17:34:04
KOMMERSANT,"Wed, 27 May 2026 04:51:06 +0300",Bloomberg: Германия и Канада готовятся подписать соглашение о поставках СПГ,"Германия и Канада готовятся подписать соглашение о поставках сжиженного природного газа (СПГ), пишет Bloomberg со ссылкой на источники. По информации агентства, Германия планирует закупать у Канады до 1 млн т СПГ в год.",https://www.kommersant.ru/doc/8690818,2026-05-27 17:34:04
KOMMERSANT,"Tue, 26 May 2026 21:19:18 +0300",Акции ЮГК упали более чем на 11% из-за несостоявшегося аукциона,"Акции «Южуралзолота» (ЮГК) упали на 11,34% после отмены повторного аукциона по продаже контрольной доли компании. К 21:00 мск стоимость одной бумаги опустилась до 0,5762 руб.",https://www.kommersant.ru/doc/8690752,2026-05-27 17:34:04
KOMMERSANT,"Tue, 26 May 2026 20:55:35 +0300",Россия пригрозила Армении разрывом соглашения о поставках газа и топлива,"Россия может в одностороннем порядке приостановить или денонсировать соглашение о беспошлинных поставках газа, нефтепродуктов и необработанных алмазов в Армению, если Ереван продолжит курс на сближение с Евросоюзом. По данным «Ъ», такой сигнал содержится в письме министра энергетики РФ Сергея Цивилева, направленном армянскому Минтерру.",https://www.kommersant.ru/doc/8690731,2026-05-27 17:34:04
KOMMERSANT,"Tue, 26 May 2026 20:13:30 +0300",Суд удовлетворил заявление ЦБ о немедленном взыскании €200 млрд с Euroclear,"Арбитражный суд Москвы удовлетворил ходатайство Банка России о немедленном исполнении решения по иску регулятора к бельгийскому депозитарию Euroclear. Об этом сообщили журналистам юристы Euroclear Максим Кульков и Сергей Савельев, передает «Интерфакс».",https://www.kommersant.ru/doc/8690697,2026-05-27 17:34:04
KOMMERSANT,"Tue, 26 May 2026 19:11:58 +0300",Совет директоров ВТБ рекомендовал выплатить дивиденды за 2025 год,"Совет директоров ВТБ (MOEX: VTBR) рекомендовал общему собранию акционеров выплатить дивиденды по итогам 2025 года в размере 9,71 руб. на акцию. Это следует из сообщения банка на сайте раскрытия информации.",https://www.kommersant.ru/doc/8690651,2026-05-27 17:34:04
KOMMERSANT,"Tue, 26 May 2026 17:46:44 +0300",WSJ: ВМС США возобновили сопровождение судов через Ормузский пролив,"Военно-морские силы США возобновили сопровождение коммерческих судов через Ормузский пролив, пишет The Wall Street Journal. По данным источников издания, греческий супертанкер, загруженный 2 млн баррелей нефти, следовал по морскому коридору у побережья Омана в сопровождении американских ВМС.",https://www.kommersant.ru/doc/8690595,2026-05-27 17:34:04
KOMMERSANT,"Tue, 26 May 2026 17:36:29 +0300",К строителям соцобъектов в Саратовской области подали иск на 450 млн рублей,"Прокуратура Саратовской области подала иск к компаниям «ПДПстрой», «Лесстр» и региональному Управлению капитального строительства (УКС). Претензии ведомства связаны с госконтрактами на возведение социальных и медицинских объектов в области.",https://www.kommersant.ru/doc/8690591,2026-05-27 17:34:04
KOMMERSANT,"Tue, 26 May 2026 17:29:10 +0300",Великобритания ввела санкции против трех грузинских компаний за помощь РФ,"Правительство Великобритании ввело санкции против компаний Arvix LLC, Rapira Group LLC и Aifory LLC, зарегистрированных в Грузии. Как утверждается, все три фирмы «управляют биржами, ориентированными на Россию, и пытаются помочь РФ обходить санкции».",https://www.kommersant.ru/doc/8690586,2026-05-27 17:34:04
KOMMERSANT,"Tue, 26 May 2026 17:08:37 +0300",Совет директоров «Русснефти» рекомендовал дивиденды по префам за 2025 год,"Совет директоров «Русснефти» рекомендовал выплатить дивиденды по итогам 2025 года в размере $0,714 за одну привилегированную акцию, указано на сайте раскрытия информации. Всего на эти цели планируется направить $70 млн.",https://www.kommersant.ru/doc/8690540,2026-05-27 17:34:04
KOMMERSANT,"Tue, 26 May 2026 16:51:10 +0300","Суд в Москве оштрафовал онлайн-галерею DeviantArt на 3,5 млн рублей","Таганский районный суд Москвы привлек онлайн-галерею и сообщество для художников DeviantArt Inc. к административной ответственности за отказ удалить запрещенную информацию. Компанию оштрафовали на 3,5 млн руб.",https://www.kommersant.ru/doc/8690533,2026-05-27 17:34:04
KOMMERSANT,"Tue, 26 May 2026 16:09:30 +0300",BP уволила председателя совета директоров за служебное несоответствие,"Британская нефтегазовая компания BP объявила об отставке председателя совета директоров Альберта Манифолда. Отставка вступает в силу немедленно, решение было принято советом директоров единогласно.",https://www.kommersant.ru/doc/8690478,2026-05-27 17:34:04
KOMMERSANT,"Tue, 26 May 2026 15:55:20 +0300",Британия ввела санкции против 18 криптоплатформ и финсетей за связи с Россией,"Правительство Великобритании внесло в список антироссийских санкций 18 криптовалютных платформ, банков и финансовых сетей. Эти организации использовались для обхода санкций, сообщила глава британского МИДа Иветт Купер.",https://www.kommersant.ru/doc/8690475,2026-05-27 17:34:04
KOMMERSANT,"Tue, 26 May 2026 15:46:48 +0300",Wildberries займется развитием розничного бизнеса ВТБ,Группа Wildberries&Russ объявила о планах заключить с ВТБ (MOEX: VTBR) соглашение о стратегическом партнерстве. ВТБ приобретет 5% доли в WB Банке с возможностью ее увеличения.,https://www.kommersant.ru/doc/8690469,2026-05-27 17:34:04
KOMMERSANT,"Tue, 26 May 2026 15:08:51 +0300",РБК: ВТБ купит долю в цифровых финансовых активах Wildberries,"ВТБ (MOEX: VTBR) и объединенная компания Wildberries&Russ (РВБ) договорились о стратегическом партнерстве, сообщил РБК со ссылкой на источники. В пресс-службе банка подтвердили информацию об альянсе и рассказали, что первым шагом станет покупка ВТБ миноритарной доли в цифровых финансовых активах РВБ.",https://www.kommersant.ru/doc/8690428,2026-05-27 17:34:04
KOMMERSANT,"Tue, 26 May 2026 13:23:05 +0300",В суде ЕС сообщили о статусе иска Банка России против финансовой помощи Украине,Иск Банка России (ЦБ) против финансовой помощи Украине находится на ранней стадии обработки. Об этом «РИА Новости» сообщили в пресс-службе суда ЕС.,https://www.kommersant.ru/doc/8690319,2026-05-27 17:34:04
KOMMERSANT,"Tue, 26 May 2026 12:26:44 +0300","Россия обсуждает экспорт самолетов Су-34, Су-35 и Су-57","Россия ведет с иностранными партнерами переговоры о поставках бомбардировщиков Су-34, истребителей Су-35 и Су-57, заявила Федеральная служба по военно-техническому сотрудничеству (ФСВТС). Какие страны могут выступить покупателями, не уточняется.",https://www.kommersant.ru/doc/8690243,2026-05-27 17:34:04
KOMMERSANT,"Tue, 26 May 2026 11:53:57 +0300",Акции ЮГК упали на 8% из-за второго несостоявшегося аукциона,"Акции «Южуралзолота» (ЮГК) к 10:44 составляли 0,5952 руб. за бумагу. Это на 8% ниже закрытия прошлого дня, свидетельствуют данные Московской биржи.",https://www.kommersant.ru/doc/8690194,2026-05-27 17:34:04
KOMMERSANT,"Tue, 26 May 2026 11:09:44 +0300",Россия обсуждает с Индией поставки дополнительной партии С-400,Россия ведет с Индией переговоры о поставках дополнительной партии российских систем ПВО С-400 «Триумф». Об этом сообщили «Интерфаксу» в Федеральной службе по военно-техническому сотрудничеству (ФСВТС).,https://www.kommersant.ru/doc/8690149,2026-05-27 17:34:04
KOMMERSANT,"Tue, 26 May 2026 11:05:44 +0300",Повторный аукцион по продаже ЮГК не состоялся,Повторные торги по продаже контрольной доли «Южуралзолота» (ЮГК) в формате голландского аукциона не состоялись. Это следует из данных площадки «ГИС Торги».,https://www.kommersant.ru/doc/8690155,2026-05-27 17:34:04
KOMMERSANT,"Tue, 26 May 2026 09:49:33 +0300",В парламенте Болгарии начали обсуждать снятие санкций с России,В парламенте Болгарии обсуждают предложение о снятии санкций с России и возможном налаживании отношений с Москвой. Об этом в интервью ТАСС заявил депутат парламента Болгарии Ангел Георгиев.,https://www.kommersant.ru/doc/8690038,2026-05-27 17:34:04
KOMMERSANT,"Tue, 26 May 2026 08:40:30 +0300",Иран анонсировал подорожание нефти до $200 из-за «военных авантюр» США,"Пока власти США «продолжают свои военные авантюры» на Ближнем Востоке, соглашения с Ираном достигнуто не будет, заявил представитель оперативного штаба ВС Ирана Эбрагим Зольфагари. Он считает, что действия США приведут к росту цен на нефть.",https://www.kommersant.ru/doc/8689984,2026-05-27 17:34:04
KOMMERSANT,"Tue, 26 May 2026 08:00:34 +0300",С судовладельцев соберут 210 млрд рублей на 500 новых контейнеровозов и танкеров,"Правительство планирует заместить бюджетное финансирование программы льготного лизинга судов Объединенной судостроительной корпорации (ОСК) внебюджетным. Целевые параметры программы замещения возрастного флота были согласованы на совещании у первого вице-премьера Дениса Мантурова 30 апреля, узнал «Ъ».",https://www.kommersant.ru/doc/8689843,2026-05-27 17:34:04
KOMMERSANT,"Mon, 25 May 2026 22:02:13 +0300",Выплаты дивидендов в России сократились до 2 трлн рублей в 2025 году,"Объем выплат дивидендов российскими публичными эмитентами достиг почти 2 трлн руб. по итогам 2025 года. По оценке «Ъ», это примерно на четверть меньше, чем годом ранее.",https://www.kommersant.ru/doc/8689842,2026-05-27 17:34:04
KOMMERSANT,"Mon, 25 May 2026 21:32:08 +0300",Срок подачи заявок на аукцион по продаже ЮГК продлили на несколько часов,"Сбор заявок на аукцион по продаже доли компании «Южуралзолото» (ЮГК) в размере 67,25%, принадлежавшей бизнесмену Константину Струкову, продлили. Окончание приема заявок переносится с 16:00 до 23:55 мск 25 мая.",https://www.kommersant.ru/doc/8689829,2026-05-27 17:34:04
KOMMERSANT,"Mon, 25 May 2026 20:39:17 +0300",Цена нефти Brent опустилась ниже $94 за баррель,"Августовские фьючерсы на нефть марки Brent на лондонской бирже ICE снизились до $93,3 за баррель, следует из данных торговой площадки на 20:03 мск. Это минимальная цена с 22 апреля — тогда стоимость опускалась до $91,8 за баррель.",https://www.kommersant.ru/doc/8689801,2026-05-27 17:34:04
KOMMERSANT,"Mon, 25 May 2026 20:28:08 +0300",Совет директоров АФК «Система» рекомендовал не выплачивать дивиденды за 2025 год,Совет директоров АФК (MOEX: AFKS) «Система» рекомендовал общему собранию акционеров не выплачивать дивиденды по итогам 2025 года. Это следует из сообщения компании на сайте раскрытия информации.,https://www.kommersant.ru/doc/8689799,2026-05-27 17:34:04
KOMMERSANT,"Mon, 25 May 2026 19:46:00 +0300",«Милан» уволил главного тренера Аллегри,Итальянский футбольный клуб «Милан» отправил в отставку главного тренера Массимилиано Аллегри. Об этом сообщает пресс-служба команды.,https://www.kommersant.ru/doc/8689777,2026-05-27 17:34:04
KOMMERSANT,"Mon, 25 May 2026 17:31:55 +0300",Индекс Мосбиржи упал ниже 2600 пунктов после заявления МИДа об ударах по Киеву,"Индекс Мосбиржи (MOEX: MOEX) упал ниже 2600 пунктов впервые с 8 мая. В 17:19 мск он снижался на 1,31%, до 2589 пунктов, следует из данных площадки.",https://www.kommersant.ru/doc/8689665,2026-05-27 17:34:04
KOMMERSANT,"Mon, 25 May 2026 16:47:14 +0300",ВККС прекратила отставку судьи Момотова,Высшая квалификационная коллегия судей прекратила отставку бывшего судьи Верховного суда Виктора Момотова. Об этом сообщает корреспондент «Ъ» из зала суда.,https://www.kommersant.ru/doc/8689628,2026-05-27 17:34:04
KOMMERSANT,"Mon, 25 May 2026 16:15:55 +0300",Совет директоров «Норникеля» рекомендовал не выплачивать дивиденды,"Совет директоров «Норникеля» (MOEX: GMKN) рекомендовал собранию акционеров не выплачивать дивиденды по итогам 2025 года, следует из сообщения компании на ленте раскрытия информации. Собрание акционеров пройдет 30 июня.",https://www.kommersant.ru/doc/8689597,2026-05-27 17:34:04
KOMMERSANT,"Mon, 25 May 2026 16:12:42 +0300",Совет директоров «Совкомфлота» рекомендовал дивиденды за 2025 год,"Совет директоров «Совкомфлота» (MOEX: FLOT) рекомендовал общему собранию акционеров выплатить дивиденды за 2025 год в размере 4,87 руб. на акцию. Это следует из сообщения компании на сайте раскрытия информации.",https://www.kommersant.ru/doc/8689579,2026-05-27 17:34:04
KOMMERSANT,"Mon, 25 May 2026 15:37:30 +0300",СПБ Биржа с 26 мая начнет торги 15 новыми фьючерсами на зарубежные акции,"СПБ Биржа с 7:00 мск 26 мая допустит к торгам еще 15 новых фьючерсов на зарубежные акции, среди них — Uber, Robinhood, Palo Alto Networks, CrowdStrike и Super Micro Computer. Общее число неоактивов (название нового продукта.—""Ъ"") на бирже составит 25.",https://www.kommersant.ru/doc/8689535,2026-05-27 17:34:04
KOMMERSANT,"Mon, 25 May 2026 15:12:22 +0300","Семьям погибших при атаке на колледж в ЛНР выплатят по 1,5 млн рублей","Пострадавшим при ударе по колледжу в Старобельске выплатят от 300 тыс. до 600 тыс. руб. в зависимости от тяжести ранений. Семьи погибших получат по 1,5 млн руб., сообщило правительство региона.",https://www.kommersant.ru/doc/8689514,2026-05-27 17:34:04
KOMMERSANT,"Mon, 25 May 2026 14:55:03 +0300",РБК: Минцифры смягчит проект о поддержке «Почты России»,"В последней версии законопроекта о мерах поддержки «Почты России» убрали несколько требований для компаний, занимающихся доставкой, и маркетплейсов, сообщает РБК со ссылкой на три источника на рынке электронной коммерции и собеседника в правительстве. В тексте документа нет требования получать лицензию почтового оператора и обязанности открывать ПВЗ в отделениях почты.",https://www.kommersant.ru/doc/8689413,2026-05-27 17:34:04
KOMMERSANT,"Mon, 25 May 2026 14:38:19 +0300",В ЦБ призвали Mastercard и Visa уйти с российского рынка,"Карты Visa и Mastercard не выполняют нужный функционал и должны уйти с российского рынка, считает директор департамента Национальной платежной системы (НСПК) Центробанка (ЦБ) Алла Бакина. По ее словам, НСПК «несет издержки» на поддержку этих карт.",https://www.kommersant.ru/doc/8689486,2026-05-27 17:34:04
KOMMERSANT,"Mon, 25 May 2026 13:56:29 +0300","ЦБ: доля безналичных платежей в рознице увеличилась до 88,9%","В России доля безналичных платежей в розничном обороте достигла 88,9%, увеличившись на 0,9 процентного пункта (п. п.) за квартал. Это следует из аналитического обзора Центробанка «Развитие национальной платежной системы».",https://www.kommersant.ru/doc/8689375,2026-05-27 17:34:04
KOMMERSANT,"Mon, 25 May 2026 13:26:00 +0300",Reuters: несколько танкеров с нефтью и СПГ прошли через Ормузский пролив,"За последние несколько дней через Ормузский пролив прошли как минимум три танкера с сжиженным природным газом, направляющихся в Пакистан, Китай и Индию. Об этом сообщило Reuters со ссылкой на сервисы по отслеживанию судов.",https://www.kommersant.ru/doc/8689399,2026-05-27 17:34:04
KOMMERSANT,"Mon, 25 May 2026 12:44:20 +0300",ЦБ оспорил в суде ЕС регламент поддержки Украины за счет российских активов,"Банк России подал в Общий суд ЕС в Люксембурге заявления, которым оспорил регламент Европарламента и Совета ЕС по финансированию Украины за счет российских активов. Об этом сообщила пресс-служба ЦБ.",https://www.kommersant.ru/doc/8689368,2026-05-27 17:34:04
KOMMERSANT,"Mon, 25 May 2026 12:44:18 +0300",ФСЭГ: мировой объем импорта СПГ упал до минимума с сентября 2023 года,"Перебои с поставками из Катара и ОАЭ продолжают сказываться на мировом импорте сжиженного природного газа (СПГ), указано в майском докладе (pdf) Форума стран-экспортеров газа (ФСЭГ). В апреле 2026 года показатель в годовом выражении сократился на 10%, до 31,5 млн т — последний раз такие цифры фиксировали в сентябре 2023 года.",https://www.kommersant.ru/doc/8689261,2026-05-27 17:34:04
KOMMERSANT,"Mon, 25 May 2026 12:29:48 +0300",Московский омбудсмен Потяева станет советником мэра,"Уполномоченный по правам человека в Москве Татьяна Потяева, подавшая заявление об отставке, станет советником мэра столицы Сергея Собянина. Об этом сообщила «Ъ» российский омбудсмен Яна Лантратова.",https://www.kommersant.ru/doc/8689356,2026-05-27 17:34:04
KOMMERSANT,"Mon, 25 May 2026 11:36:20 +0300",Суд рассмотрит жалобу Euroclear по иску ЦБ 1 июня,"Девятый арбитражный апелляционный суд рассмотрит жалобу Euroclear на решение Арбитражного суда Москвы о взыскании с бельгийского депозитария 18,2 трлн руб. по иску Центробанка (ЦБ). Заседание назначено на 1 июня, следует из картотеки суда.",https://www.kommersant.ru/doc/8689258,2026-05-27 17:34:04
KOMMERSANT,"Mon, 25 May 2026 11:18:03 +0300",Новак анонсировал программу кредитования для МСП с лимитом в 150 млрд рублей,С июля в России появится новая программа кредитования для малого и среднего предпринимательства (МСП) с общим лимитом до 150 млрд руб. Об этом сообщил вице-премьер России Александр Новак на совещании с председателем правительства Михаилом Мишустиным.,https://www.kommersant.ru/doc/8689211,2026-05-27 17:34:04
KOMMERSANT,"Mon, 25 May 2026 11:13:03 +0300",Московский омбудсмен Потяева уйдет в отставку,Уполномоченный по правам человека в Москве Татьяна Потяева направила в Мосгордуму письменное заявление об отставке. В Мосгордуму внесен проект постановления о досрочном прекращении полномочий столичного омбудсмена.,https://www.kommersant.ru/doc/8689237,2026-05-27 17:34:04
KOMMERSANT,"Mon, 25 May 2026 11:07:14 +0300",Число субъектов малого бизнеса в России достигло рекордных 7 млн,"Число субъектов малого и среднего предпринимательства в России растет, несмотря на санкции и «непростую конъюнктуру», утверждает вице-премьер Александр Новак. Премьер-министр Михаил Мишустин заявил, что количество субъектов малого бизнеса к маю достигло 7 млн.",https://www.kommersant.ru/doc/8689213,2026-05-27 17:34:04
KOMMERSANT,"Mon, 25 May 2026 10:27:43 +0300",ФСБ выявила в Забайкалье схему выдачи за взятки лицензий на добычу золота,"В Забайкальском крае задержана группа из восьми человек, включая чиновников. По версии следствия, они организовали схему выдачи за взятки лицензий на добычу золота.",https://www.kommersant.ru/doc/8689175,2026-05-27 17:34:04
KOMMERSANT,"Mon, 25 May 2026 09:48:31 +0300",Казахстан не будет исполнять решение суда по иску «Нафтогаза» к «Газпрому»,"Казахстан не будет исполнять решение суда Международного финансового центра «Астана» (МФЦА), который признал вынесенное ранее решение международного арбитража (ICC) в Швейцарии по иску украинского «Нафтогаза» к российскому «Газпрому» (MOEX: GAZP) о взыскании $1,4 млрд. Министр юстиции Казахстана Ерлан Сарсембаев заявил, что в деле отсутствуют связи с юрисдикцией Астаны.",https://www.kommersant.ru/doc/8689133,2026-05-27 17:34:04
KOMMERSANT,"Mon, 25 May 2026 09:08:04 +0300",Глава РСПП ожидает ослабления санкций против России в этом году,"Запад начнет смягчать антироссийские санкции по мере улучшения геополитической ситуации, заявил глава Российского союза промышленников и предпринимателей (РСПП) Александр Шохин. Он ожидает ослабления ограничений уже в этом году.",https://www.kommersant.ru/doc/8689101,2026-05-27 17:34:04
KOMMERSANT,"Mon, 25 May 2026 08:50:59 +0300",Поставки первых самолетов «Байкал» запланированы на 2027 год,"Легкие многоцелевые самолеты (ЛМС-901) «Байкал» на первом этапе будут выполнять авиационные работы, заявил гендиректор Государственной транспортной лизинговой компании (ГТЛК) Михаил Парнев. Поставки первых самолетов запланированы на следующий год.",https://www.kommersant.ru/doc/8689095,2026-05-27 17:34:04
KOMMERSANT,"Mon, 25 May 2026 08:46:14 +0300",Цены на нефть Brent опустились ниже $95 впервые с апреля,"Августовские фьючерсы на нефть марки Brent составляли $94,7 за баррель — на 5,4% дешевле закрытия предыдущего дня, следует из данных лондонской биржи ICE на 06:52 мск. Последний раз Brent опускалась ниже $95 за баррель 24 апреля.",https://www.kommersant.ru/doc/8689088,2026-05-27 17:34:04
KOMMERSANT,"Mon, 25 May 2026 07:39:53 +0300",Вучич допустил свою отставку,"Президент Сербии Александр Вучич допустил, что может покинуть пост в связи со скорым окончанием срока своих полномочий. Он заявил об этом во время визита в Китай.",https://www.kommersant.ru/doc/8689063,2026-05-27 17:34:04
KOMMERSANT,"Mon, 25 May 2026 07:29:01 +0300","Huawei создаст 1,4-нм чипы к 2031 году в обход санкций США","Китайская компания Huawei Technologies объявила о планах разработки к 2031 году передовых чипов с плотностью транзисторов, эквивалентной техпроцессу 1,4 нанометра, сообщает Reuters. Президент полупроводникового подразделения компании Хэ Тинбо на Международном симпозиуме IEEE 2026 по схемам и системам (ISCAS) в Шанхае представила концепцию альтернативного развития технологий в условиях санкций США.",https://www.kommersant.ru/doc/8689064,2026-05-27 17:34:04
KOMMERSANT,"Mon, 25 May 2026 05:34:12 +0300",SIPRI: численность миротворцев на планете упала до 25-летнего минимума,"Согласно новому отчету Стокгольмского международного института исследований проблем мира (SIPRI), численность персонала, участвующего в миротворческих операциях, к концу 2025 года сократилась до самого низкого уровня как минимум за последние 25 лет. В организации считают, что этому способствуют «геополитическая напряженность, политическое давление и кризис финансирования».",https://www.kommersant.ru/doc/8689041,2026-05-27 17:34:04
KOMMERSANT,"Mon, 25 May 2026 02:25:49 +0300",Стоимость нефти Brent упала ниже $99 впервые за две недели,"Июльские фьючерсы на нефть марки Brent впервые с 11 мая опустились ниже $99 за баррель. По данным лондонской биржи ICE, на 2:04 мск они торговались на уровне $98,1 (минус 5,2% к закрытию предыдущей сессии).",https://www.kommersant.ru/doc/8689035,2026-05-27 17:34:04
TASS_ECONOMY,"Wed, 27 May 2026 20:21:59 +0300",В Иркутске завершили расследование дела о взятках сотрудников РЖД,Общая сумма незаконного вознаграждения составила 88 млн рублей,https://tass.ru/proisshestviya/27554303,2026-05-27 17:38:11
TASS_ECONOMY,"Wed, 27 May 2026 20:08:05 +0300","США считают, что Западное полушарие играет основную роль в мировой энергетике","Министр внутренних дел США Дуглас Бергам заявил, что нефть, поступающая в США из Венесуэлы, ""помогает удерживать цены на бензин""",https://tass.ru/ekonomika/27554233,2026-05-27 17:38:11
TASS_ECONOMY,"Wed, 27 May 2026 19:27:41 +0300","Трамп заявил, что США не ослабят санкции за отказ Ирана от обогащенного урана","Тегеран откажется от своего обогащенного урана не в обмен на ослабление санкций, подчеркнул американский лидер",https://tass.ru/mezhdunarodnaya-panorama/27553709,2026-05-27 17:38:11
TASS_ECONOMY,"Wed, 27 May 2026 19:08:21 +0300",В Петербурге арестовали имущество экс-гендиректора фирмы на 106 млн рублей,Максим Фомичев не заплатил налоги на эту сумму,https://tass.ru/proisshestviya/27553619,2026-05-27 17:38:11
TASS_ECONOMY,"Wed, 27 May 2026 19:05:04 +0300",Жителя Ростова-на-Дону приговорили к 21 году лишения свободы за участие в РДК,Ему также назначили штраф в размере 750 тыс. рублей,https://tass.ru/proisshestviya/27553395,2026-05-27 17:38:11
TASS_ECONOMY,"Wed, 27 May 2026 19:02:45 +0300","Годовая инфляция в РФ с 19 по 25 мая зафиксирована на уровне 5,33%","За неделю с 19 по 25 мая 2026 года инфляция составила 0,07%",https://tass.ru/ekonomika/27553593,2026-05-27 17:38:11
TASS_ECONOMY,"Wed, 27 May 2026 19:01:28 +0300",Бензин за неделю подорожал в среднем на 23 копейки,"Его стоимость составила 67,53 рубля за 1 л",https://tass.ru/ekonomika/27553455,2026-05-27 17:38:11
TASS_ECONOMY,"Wed, 27 May 2026 19:00:28 +0300","В России инфляция с 19 по 25 мая составила 0,07%","С начала мая потребительские цены в стране выросли на 0,11%",https://tass.ru/ekonomika/27553403,2026-05-27 17:38:11
RBC,"Wed, 27 May 2026 19:03:56 +0300",Полина Гагарина объяснила судебный иск к Совету ЕС блокировкой музыки,"Певица Полина Гагарина подала иск против Совета ЕС из-за санкций, в результате которых ее музыка была заблокирована на музыкальных площадках, где она публиковала свои произведения.",https://www.rbc.ru/rbcfreenews/6a17136e9a79477d389a63ae,2026-05-27 17:38:12
RBC,"Wed, 27 May 2026 18:53:44 +0300",«Лацио» во второй раз уволил одного и того же тренера,"Сарри возглавлял «Лацио» с 2021 по 2024 год и подал в отставку после серии поражений, позже он вернулся в клуб в 2025-м",https://www.rbc.ru/sport/27/05/2026/6a1707f19a79470f23526102,2026-05-27 17:38:12
RBC,"Wed, 27 May 2026 18:29:14 +0300",Турция сократит импорт нефти из России,Импорт Urals Турцией морским путем сократится до самого низкого уровня как минимум с января 2025 года. В мае он составит в среднем около 161 тыс. барр. в сутки,https://www.rbc.ru/politics/27/05/2026/6a16f1179a7947217c623405,2026-05-27 17:38:12
INVESTING_RU,2026-05-27 17:07:36,Нефть из стратегического резерва США впервые доставлена в Калифорнию,,https://ru.investing.com/news/commodities-news/article-93CH-3254034,2026-05-27 17:38:14
